{
    "fit_time": [
        1.171091079711914,
        1.1196820735931396,
        1.0439889430999756,
        1.0270988941192627,
        1.058772087097168
    ],
    "score_time": [
        101.53965091705322,
        98.6581859588623,
        99.40439200401306,
        98.75977897644043,
        97.60614705085754
    ],
    "test_balanced_accuracy": [
        0.5032511521892468,
        0.5027438302826559,
        0.5031165374616031,
        0.5034319948748522,
        0.5028783247108695
    ],
    "test_f1": [
        0.012982149544376482,
        0.010991756182862853,
        0.012471938139186829,
        0.013710582076529976,
        0.011502875718929733
    ],
    "test_recall": [
        0.006560686348725713,
        0.0055513499873832955,
        0.006309148264984227,
        0.00694006309148265,
        0.005804416403785489
    ],
    "test_precision": [
        0.611764705882353,
        0.55,
        0.5376344086021505,
        0.5612244897959183,
        0.6301369863013698
    ],
    "test_roc_auc": [
        0.8301633330603627,
        0.8288602413599371,
        0.8300921490324483,
        0.8335296340686417,
        0.8340388607922472
    ]
}