{
    "fit_time": [
        1.0726029872894287,
        1.045539140701294,
        1.05299711227417,
        1.198439121246338,
        1.2291717529296875
    ],
    "score_time": [
        68.81846308708191,
        67.95413970947266,
        74.02310490608215,
        76.95476484298706,
        73.2869598865509
    ],
    "test_balanced_accuracy": [
        0.5294899709001242,
        0.5271679373951427,
        0.525789183988146,
        0.5292474049954966,
        0.5293927618361157
    ],
    "test_f1": [
        0.09678371200944232,
        0.08907513887535327,
        0.08585307821949044,
        0.09514563106796116,
        0.09619905956112852
    ],
    "test_recall": [
        0.06207418622255867,
        0.05765833964168559,
        0.05463722397476341,
        0.061829652996845424,
        0.06195583596214511
    ],
    "test_precision": [
        0.21954484605087016,
        0.19571734475374733,
        0.20027752081406106,
        0.2063157894736842,
        0.21506789312308366
    ],
    "test_roc_auc": [
        0.7449018882751622,
        0.752460788728619,
        0.7442941001085664,
        0.7521798223115146,
        0.7513679489231831
    ]
}