{
    "k": [
        1,
        2,
        3,
        4,
        5,
        6,
        7,
        8,
        9,
        10,
        11,
        12,
        13,
        14,
        15,
        16,
        17,
        18,
        19,
        20,
        21,
        22,
        23,
        24,
        25,
        26,
        27,
        28,
        29,
        30,
        31,
        32,
        33,
        34,
        35,
        36,
        37
    ],
    "balanced_accuracy": [
        0.5641546944412349,
        0.5633507897383965,
        0.5465105423564232,
        0.5449639455992625,
        0.5393578451553238,
        0.5376762094409895,
        0.5350438088739617,
        0.5338673175703288,
        0.5323114294283822,
        0.5309344765153574,
        0.5299415680295606,
        0.5291606458663655,
        0.5282174518230051,
        0.5277626402006953,
        0.5271244576250307,
        0.5262131591046681,
        0.5255902963340627,
        0.5249719265179832,
        0.5245573764007004,
        0.5241133501078938,
        0.5235557527726307,
        0.5230706839322872,
        0.5227766586917583,
        0.5224163368025565,
        0.5219879905111063,
        0.5217783741513402,
        0.5215028595565918,
        0.5210995681661617,
        0.5208258179428569,
        0.5207447417867008,
        0.5204809656870244,
        0.5203248953691829,
        0.5200195316574308,
        0.5198257897343653,
        0.5196329291991371,
        0.5195280397276607,
        0.5192984001219552
    ],
    "f1": [
        0.13775849589463868,
        0.1376970339080056,
        0.12424356615182353,
        0.12464196386413406,
        0.11571772642607583,
        0.1132545294078163,
        0.10800623385928945,
        0.10577513217441759,
        0.10239276460748634,
        0.0991462028690687,
        0.09689356121676411,
        0.09500032470404685,
        0.09261132394667514,
        0.09162628517374423,
        0.09002110595114396,
        0.08752047876199673,
        0.08586200770764728,
        0.08414209709439589,
        0.08304397303257138,
        0.08182771239200023,
        0.08024743027907694,
        0.07886009013453046,
        0.07807516002942437,
        0.07705469677032206,
        0.07579420906091297,
        0.07523206931051006,
        0.07444607009329986,
        0.07324672481223446,
        0.07246634857353454,
        0.0722504838725136,
        0.07148512442214863,
        0.07102758952139114,
        0.07010496431123081,
        0.06952645684067639,
        0.06895504614464396,
        0.06866186945419069,
        0.06797541905943305
    ],
    "recall": [
        0.14101506124076732,
        0.13904669931885713,
        0.10020948983141376,
        0.0961970466563345,
        0.0838317146539242,
        0.08002120243164094,
        0.07431800622636357,
        0.0717187581341924,
        0.06836248548282974,
        0.06543520307322226,
        0.06329016271170791,
        0.06162464627456974,
        0.05963104775959964,
        0.05862164453370332,
        0.05725894492509975,
        0.055366289598343034,
        0.05405404407170109,
        0.05276706061033008,
        0.05188382442960158,
        0.05095012779885869,
        0.04978928909447086,
        0.048779876316495406,
        0.048149012434419006,
        0.04739192419470003,
        0.04650869438202426,
        0.04605443252291901,
        0.04547403545890974,
        0.04464126928027472,
        0.04406086266418631,
        0.04388420332874037,
        0.04332905240987016,
        0.04300098943619649,
        0.042370093713856326,
        0.04196633369710835,
        0.04156256731230761,
        0.04133545071087368,
        0.040856003203130535
    ],
    "precision": [
        0.1346527479787131,
        0.1363781354005641,
        0.16347242517875507,
        0.1770067976359191,
        0.1867925018009015,
        0.19375048848560783,
        0.19761810050441705,
        0.20151411889300838,
        0.2039880016887335,
        0.2046120841189317,
        0.20669477879063108,
        0.20737262548511065,
        0.20738467884308925,
        0.2098316189211838,
        0.210587921174855,
        0.20893022441540637,
        0.208791651307865,
        0.20771008310588362,
        0.2080709049133163,
        0.20787325600354434,
        0.20687540885086902,
        0.20590494460507508,
        0.20645863868120579,
        0.20616955244363652,
        0.2048479842719974,
        0.20551445342371077,
        0.20533639490701275,
        0.20408598155623273,
        0.20411070326009573,
        0.20446957935693347,
        0.2042727057627435,
        0.20412355383147185,
        0.20311132585046093,
        0.2026755278065489,
        0.20237634052703696,
        0.20272516102725563,
        0.2022883201651371
    ],
    "roc_auc": [
        0.5641546944412349,
        0.600797023336795,
        0.6297634570397765,
        0.6515873844132833,
        0.6699407563073645,
        0.6846784717378745,
        0.6976396429177312,
        0.7091176647692534,
        0.719241919966508,
        0.7279016222310061,
        0.7355956875143195,
        0.7426225280395712,
        0.7490409096694092,
        0.7548549558578981,
        0.7598572168594682,
        0.7648455153579176,
        0.7690435707135844,
        0.7730436633007987,
        0.7767454337167327,
        0.7805848388127734,
        0.7835956176235792,
        0.7866286047596602,
        0.7894214630478965,
        0.7919810245190828,
        0.79444984767742,
        0.7969814985918229,
        0.7992998257599185,
        0.8011144305222861,
        0.8031134919709944,
        0.8049927579114542,
        0.8069509751079398,
        0.808568649058904,
        0.8103836419916893,
        0.8123081351575889,
        0.8137673227984557,
        0.8153366024318787,
        0.8168070085748009
    ]
}