{
    "fit_time": [
        1.1019530296325684,
        1.0698659420013428,
        1.0518898963928223,
        1.0424799919128418,
        1.0695538520812988
    ],
    "score_time": [
        63.30475401878357,
        62.88568592071533,
        64.7427933216095,
        64.20549416542053,
        63.59423089027405
    ],
    "test_balanced_accuracy": [
        0.531263058911257,
        0.5289551786111804,
        0.5279587513832557,
        0.5304714847246003,
        0.5310593665175098
    ],
    "test_f1": [
        0.10104529616724739,
        0.0935638808837656,
        0.0916194569251807,
        0.0979396262577863,
        0.10029954584984056
    ],
    "test_recall": [
        0.06585919757759273,
        0.06144335099671966,
        0.05917981072555205,
        0.0644794952681388,
        0.06548895899053628
    ],
    "test_precision": [
        0.2169576059850374,
        0.1960547504025765,
        0.20276696930393429,
        0.20358565737051793,
        0.2141089108910891
    ],
    "test_roc_auc": [
        0.7319140132366099,
        0.7397782051143302,
        0.7298704139092989,
        0.7373917599293878,
        0.7390240453819705
    ]
}