{
    "fit_time": [
        3.0047359466552734,
        2.5476980209350586,
        2.913438081741333,
        2.656874895095825,
        3.260199785232544
    ],
    "score_time": [
        0.5932879447937012,
        0.5318949222564697,
        0.5817861557006836,
        0.542151927947998,
        0.6527218818664551
    ],
    "test_balanced_accuracy": [
        0.5816476240861492,
        0.5854815657588625,
        0.584644526479807,
        0.5845218818094737,
        0.5888105472309136
    ],
    "test_f1": [
        0.2645416708963557,
        0.2747784045124899,
        0.27347310847766637,
        0.27323401236444717,
        0.26754221388367727
    ],
    "test_recall": [
        0.16439565985364624,
        0.17209184960888216,
        0.17034700315457413,
        0.17009463722397478,
        0.17993690851735017
    ],
    "test_precision": [
        0.6768831168831169,
        0.6813186813186813,
        0.6930184804928131,
        0.694129763130793,
        0.5213893967093236
    ],
    "test_roc_auc": [
        0.9410757290794786,
        0.9387556027795707,
        0.943220035937915,
        0.9399634920511256,
        0.9398408578728972
    ]
}