{
    "fit_time": [
        0.6660079956054688,
        0.6393330097198486,
        0.6132059097290039,
        0.5923416614532471,
        0.5937261581420898
    ],
    "score_time": [
        0.24062180519104004,
        0.23782992362976074,
        0.2364189624786377,
        0.231917142868042,
        0.22957706451416016
    ],
    "test_balanced_accuracy": [
        0.5818407742180931,
        0.580724682920477,
        0.5767541339507394,
        0.5833675269173277,
        0.5818993291682951
    ],
    "test_f1": [
        0.17260392788550896,
        0.16889324672141193,
        0.16293354842712662,
        0.17403569019439505,
        0.1718932906167211
    ],
    "test_recall": [
        0.17575069391874842,
        0.1738581882412314,
        0.1656782334384858,
        0.17905362776025235,
        0.17602523659305994
    ],
    "test_precision": [
        0.1695678636640292,
        0.1642040038131554,
        0.1602783203125,
        0.16929133858267717,
        0.16795087888273538
    ],
    "test_roc_auc": [
        0.583021680131856,
        0.5825979448999171,
        0.5785019763219087,
        0.5848267590510645,
        0.5834013401811209
    ]
}