{
    "fit_time": [
        5.920133829116821,
        5.886797189712524,
        5.872622013092041,
        5.843372821807861,
        5.771902084350586
    ],
    "score_time": [
        0.21567106246948242,
        0.19383883476257324,
        0.19150209426879883,
        0.18793106079101562,
        0.18945097923278809
    ],
    "test_balanced_accuracy": [
        0.6935834924844574,
        0.6864819189153418,
        0.6887829498695932,
        0.6915386299101294,
        0.6946215779023054
    ],
    "test_f1": [
        0.3778364749669828,
        0.3704337202199145,
        0.3726549693400522,
        0.3764663199903253,
        0.38414782397276925
    ],
    "test_recall": [
        0.3970476911430734,
        0.3825384809487762,
        0.3872555205047319,
        0.39280757097791796,
        0.39873817034700315
    ],
    "test_precision": [
        0.3603985341273477,
        0.35907153008053055,
        0.3591153756143225,
        0.3614303959131545,
        0.3705875454438841
    ],
    "test_roc_auc": [
        0.6975997726271382,
        0.6899237257654429,
        0.6914268715800064,
        0.6950515804157226,
        0.6973893560095552
    ]
}